Protein_Peptide,CTRL_A549_1,CTRL_A549_2,CTRL_A549_3,SAHA_A549_1,SAHA_A549_2,SAHA_A549_3,TGFB_A549_1,TGFB_A549_2,TGFB_A549_3
P04406|G3P_HUMAN_GALQNIIPASTGAAK,3.043651599,3.030466413,2.942846439,5.382635878,5.293562497,5.213070243,3.860066436,3.937148463,3.537424416
P04406|G3P_HUMAN_LVINGNPITIFQER,1.071271272,1.111792459,1.228917659,1.683015286,1.621242713,1.647017808,1.264106513,1.346097553,1.265472543
P04406|G3P_HUMAN_VIPELNGK,2.683427299,2.927526878,3.504502026,3.79787851,3.58771007,3.461764506,3.649857683,3.604487903,3.415773954
P04792|HSPB1_HUMAN_DGVVEITGK,0.096811982,0.120278329,0.159981715,0.074794035,0.071189666,0.063681263,0.884851797,0.985022719,0.842338718
P04792|HSPB1_HUMAN_LFDQAFGLPR,0.099821791,0.097829832,0.113951251,0.086507631,0.081751656,0.083238031,0.669980053,0.694036613,0.709151324
P04792|HSPB1_HUMAN_VSLDVNHFAPDELTVK,0.004381262,0.003528772,0.003354069,0.00728618,0.002669681,0.001984027,0.025441493,0.027189313,0.027217457
P06733|ENOA_HUMAN_IEEELGSK,0.280455339,0.368125774,0.444155755,0.297184206,0.274508787,0.279024011,0.764406998,0.71176366,0.654355501
P06733|ENOA_HUMAN_TIAPALVSK,0.271143128,0.287559354,0.308220713,0.318622753,0.298380353,0.2817162,0.636889069,0.704472733,0.66085429
P07355|ANXA2_HUMAN_DLYDAGVK,2.094981874,2.249823863,2.754525463,2.053527663,1.806799892,1.994763128,1.054365008,1.235415021,1.156534086
P07355|ANXA2_HUMAN_GVDEVTIVNILTNR,0.614059733,0.671053538,0.681856018,0.524259069,0.509852945,0.541817967,0.731571295,0.794540141,0.722585961
P07355|ANXA2_HUMAN_QDIAFAYQR,1.279669382,1.273399452,1.220557502,1.239804021,1.167035418,1.164022865,1.250109381,1.263431113,1.207884152
P08237|PFKAM_HUMAN_IGLIQGNR,0.268526596,0.281995562,0.054284475,0.151855385,0.161877151,0.054912455,0.229302501,0.229229714,0.22001788
P08670|VIME_HUMAN_ETNLDSLPLVDTHSK,0.293607536,0.308960449,0.293555632,0.332759219,0.326267426,0.310937206,0.445895554,0.453854252,0.390773222
P08670|VIME_HUMAN_QVDQLTNDK,0.827696639,1.098832717,1.157805726,0.58356105,0.572097063,0.708331538,0.898010433,0.862545933,0.607843506
P08670|VIME_HUMAN_SLYASSPGGVYATR,0.897232465,0.912438302,0.769114132,0.866737279,0.874931243,0.867658913,0.955020349,0.987686978,0.926750867
P08670|VIME_HUMAN_VESLQEEIAFLK,0.569579851,0.590868006,0.671735521,0.428437562,0.406066478,0.423619255,0.862022821,0.887047073,0.884970932
P09382|LEG1_HUMAN_DGGAWGTEQR,0.726661223,0.903936257,1.245068259,0.474686734,0.44980849,0.458415429,0.675507958,0.655649756,0.589054437
P09382|LEG1_HUMAN_LPDGYEFK,0.38973354,0.390642659,0.357796071,0.305880235,0.290429624,0.306833839,0.40448448,0.40456421,0.366227523
P09382|LEG1_HUMAN_SFVLNLGK,1.88154522,1.852496861,2.250470289,1.635426734,1.547699738,1.53088536,1.217090673,1.197496149,1.097541965
P21796|VDAC1_HUMAN_LTFDSSFSPNTGK,0.211635529,0.219443441,0.201429607,0.454032606,0.44829451,0.420049479,0.171828145,0.179256912,0.182551985
P21796|VDAC1_HUMAN_LTLSALLDGK,0.171437606,0.168044891,0.197026382,0.383258867,0.367666291,0.385921976,0.123350485,0.124341684,0.133719637
P21796|VDAC1_HUMAN_VNNSSLIGLGYTQTLKPGIK,0.076860234,0.075832641,0.081341661,0.185746818,0.176173674,0.178663757,0.066621879,0.070074963,0.065640493
P22314|UBA1_HUMAN_DNPGVVTCLDEAR,0.009985583,0.008561115,0.009264231,0.013612487,0.018962471,0.017218196,0.004067011,0.014814551,0.018680885
P22314|UBA1_HUMAN_GLGVEIAK,0.034195557,0.027828247,0.066725373,0.034323438,0.02747757,0.034636133,0.052564159,0.044092046,0.050933693
P22314|UBA1_HUMAN_LQTSSVLVSGLR,0.062771715,0.068507434,0.072584317,0.092959948,0.092049997,0.094034339,0.099341624,0.102097579,0.115484217
P22314|UBA1_HUMAN_VGEFCHNR,0.005994018,0.004945297,0.000218199,0.01256219,0.00261433,0.005552088,0.004083567,0.01427247,0.003600727
P45974|UBP5_HUMAN_IVILPDYLEIAR,0.059768528,0.057875739,0.067764347,0.045141317,0.036958679,0.043971733,0.093445515,0.089856249,0.084131641
P45974|UBP5_HUMAN_LAIGVEGGFDLSEEK,0.074525454,0.083808701,0.099598881,0.018411335,0.015919614,0.012079593,0.129455402,0.138804791,0.139246951
P49006|MRP_HUMAN_AAATPESQEPQAK,0.000711096,0.00020645,0.000790604,0.00086104,0.00055686,0.000198277,0.000208771,0.000461656,0.00090825
P49006|MRP_HUMAN_ANGQENGHVK,0.263603301,0.278495957,0.349274023,0.254154808,0.2668971,0.262302901,0.180546857,0.201349433,0.172922476
P49006|MRP_HUMAN_SNGDLSPK,0.030002742,0.032917387,0.07242598,0.040420279,0.04038027,0.010555344,0.086676653,0.077297238,0.082837998
P62979|RS27A_HUMAN_EGIPPDQQR,0.274882384,0.263958262,0.286604418,0.202014741,0.17657474,0.201512112,0.182197772,0.191505507,0.193502403
P62979|RS27A_HUMAN_ESTLHLVLR,0.502819263,0.508418065,0.442085118,0.522983742,0.558588932,0.517101801,0.550924856,0.562343764,0.584136691
P62979|RS27A_HUMAN_TLSDYNIQK,0.210258826,0.237904815,0.240429364,0.175268859,0.171593272,0.165757168,0.182966291,0.191771597,0.177340065
P63261|ACTG_HUMAN_DSYVGDEAQSK,2.914706719,5.010111027,6.660160736,4.937538689,4.466144363,4.484166628,7.096669076,7.472378643,6.728077278
P63261|ACTG_HUMAN_VAPEEHPVLLTEAPLNPK,3.341312322,3.314638013,3.209797755,3.31818379,3.236951054,3.041585493,4.413374058,4.745140805,4.482434459
Q93009|UBP7_HUMAN_FYPDRPHQK,0.063023826,0.063048744,0.073679372,0.072029555,0.080813494,0.07417888,0.060862228,0.063908444,0.056936884
Q93009|UBP7_HUMAN_ISHLFFHK,0.004308712,0.054301069,0.007828022,0.004046071,0.031101065,0.002532457,0.049510263,0.05426819,0.007325419